{
  "mean": 913.2999877929688,
  "std": 498.4047546386719
}