{
  "mean": 92.03800201416016,
  "std": 3.2503163814544678
}